{"uid":"4b4757e66a1912dae1a509f688f20b0f","name":"categories","children":[{"name":"Product defects","children":[{"name":"AssertionError: assert 1 == 2","children":[{"name":"test_login_01_Print","uid":"10c41000ae518783","parentUid":"d89f5ad50f342bab320c0753c9baac45","status":"failed","time":{"start":1698848889622,"stop":1698848892627,"duration":3005},"flaky":false,"newFailed":false,"newPassed":false,"newBroken":false,"retriesCount":7,"retriesStatusChange":false,"parameters":[],"tags":["run(order=2)","smoke"]}],"uid":"d89f5ad50f342bab320c0753c9baac45"}],"uid":"8fb3a91ba5aaf9de24cc8a92edc82b5d"}]}