"Status","Start Time","Stop Time","Duration in ms","Parent Suite","Suite","Sub Suite","Test Class","Test Method","Name","Description"
"passed","Wed Nov 01 21:49:31 CST 2023","Wed Nov 01 21:49:31 CST 2023","0","testcase","test_sleep_wakeup","TestEcuSleepWakeup","","","test_03_parameter[cat]",""
"passed","Wed Nov 01 22:28:06 CST 2023","Wed Nov 01 22:28:09 CST 2023","3007","testcase","test_login","TestLogin","","","test_login_02_Print",""
"passed","Wed Nov 01 22:28:12 CST 2023","Wed Nov 01 22:28:12 CST 2023","0","testcase","test_sleep_wakeup","TestEcuSleepWakeup","","","test_02_wakeup[APPLE-APPLE2]",""
"passed","Wed Nov 01 22:28:12 CST 2023","Wed Nov 01 22:28:12 CST 2023","0","testcase","test_sleep_wakeup","TestEcuSleepWakeup","","","test_03_parameter[animal2-cat]",""
"passed","Wed Nov 01 21:54:16 CST 2023","Wed Nov 01 21:54:16 CST 2023","1","testcase","test_sleep_wakeup","TestEcuSleepWakeup","","","test_03_parameter[APPLE-cat]",""
"failed","Wed Nov 01 22:28:09 CST 2023","Wed Nov 01 22:28:12 CST 2023","3005","testcase","test_login","TestLogin","","","test_login_01_Print",""
"passed","Wed Nov 01 21:54:16 CST 2023","Wed Nov 01 21:54:16 CST 2023","0","testcase","test_sleep_wakeup","TestEcuSleepWakeup","","","test_03_parameter[APPLE-dog]",""
"passed","Wed Nov 01 22:28:12 CST 2023","Wed Nov 01 22:28:12 CST 2023","0","testcase","test_sleep_wakeup","TestEcuSleepWakeup","","","test_03_parameter[animal1-dog]",""
"passed","Wed Nov 01 22:00:16 CST 2023","Wed Nov 01 22:00:16 CST 2023","0","testcase","test_sleep_wakeup","TestEcuSleepWakeup","","","test_03_parameter[APPLE-animal1-dog]",""
"passed","Wed Nov 01 22:00:16 CST 2023","Wed Nov 01 22:00:16 CST 2023","0","testcase","test_sleep_wakeup","TestEcuSleepWakeup","","","test_03_parameter[PEAR-animal1-dog]",""
"passed","Wed Nov 01 21:49:31 CST 2023","Wed Nov 01 21:49:31 CST 2023","0","testcase","test_sleep_wakeup","TestEcuSleepWakeup","","","test_03_parameter[dog]",""
"passed","Wed Nov 01 22:00:16 CST 2023","Wed Nov 01 22:00:16 CST 2023","0","testcase","test_sleep_wakeup","TestEcuSleepWakeup","","","test_03_parameter[APPLE-animal2-cat]",""
"passed","Wed Nov 01 22:28:12 CST 2023","Wed Nov 01 22:28:12 CST 2023","0","testcase","test_sleep_wakeup","TestEcuSleepWakeup","","","test_02_wakeup[PEAR-APPLE2]",""
"passed","Wed Nov 01 21:54:16 CST 2023","Wed Nov 01 21:54:16 CST 2023","0","testcase","test_sleep_wakeup","TestEcuSleepWakeup","","","test_03_parameter[PEAR-dog]",""
"passed","Wed Nov 01 21:54:16 CST 2023","Wed Nov 01 21:54:16 CST 2023","0","testcase","test_sleep_wakeup","TestEcuSleepWakeup","","","test_03_parameter[PEAR-cat]",""
"passed","Wed Nov 01 22:28:12 CST 2023","Wed Nov 01 22:28:12 CST 2023","0","test_interface","test_interface_01","TestcaseInterface","","","test_01_Print",""
"passed","Wed Nov 01 22:00:16 CST 2023","Wed Nov 01 22:00:16 CST 2023","0","testcase","test_sleep_wakeup","TestEcuSleepWakeup","","","test_03_parameter[PEAR-animal2-cat]",""
"passed","Wed Nov 01 22:28:12 CST 2023","Wed Nov 01 22:28:12 CST 2023","0","testcase","test_sleep_wakeup","TestEcuSleepWakeup","","","test_02_wakeup[PEAR-PEAR2]",""
"passed","Wed Nov 01 22:28:12 CST 2023","Wed Nov 01 22:28:12 CST 2023","0","testcase","test_sleep_wakeup","TestEcuSleepWakeup","","","test_02_wakeup[APPLE-PEAR2]",""
