{"uid":"98d3104e051c652961429bf95fa0b5d6","name":"suites","children":[{"name":"testcase","children":[{"name":"test_sleep_wakeup","children":[{"name":"TestEcuSleepWakeup","children":[{"name":"test_03_parameter[dog]","uid":"8a7fc10141ef5755","parentUid":"b480f09a66e75f11ce63e466add7c8a2","status":"passed","time":{"start":1698846571794,"stop":1698846571794,"duration":0},"flaky":false,"newFailed":false,"newPassed":false,"newBroken":false,"retriesCount":1,"retriesStatusChange":false,"parameters":["'dog'"],"tags":["useragemode"]},{"name":"test_03_parameter[cat]","uid":"bc0b6f5e9eef82a4","parentUid":"b480f09a66e75f11ce63e466add7c8a2","status":"passed","time":{"start":1698846571796,"stop":1698846571796,"duration":0},"flaky":false,"newFailed":false,"newPassed":false,"newBroken":false,"retriesCount":1,"retriesStatusChange":false,"parameters":["'cat'"],"tags":["useragemode"]},{"name":"test_03_parameter[APPLE-dog]","uid":"574a98574ef1bdde","parentUid":"b480f09a66e75f11ce63e466add7c8a2","status":"passed","time":{"start":1698846856314,"stop":1698846856314,"duration":0},"flaky":false,"newFailed":false,"newPassed":false,"newBroken":false,"retriesCount":0,"retriesStatusChange":false,"parameters":["'dog'","'apple'"],"tags":["useragemode"]},{"name":"test_03_parameter[APPLE-cat]","uid":"fb421b220b64f292","parentUid":"b480f09a66e75f11ce63e466add7c8a2","status":"passed","time":{"start":1698846856316,"stop":1698846856317,"duration":1},"flaky":false,"newFailed":false,"newPassed":false,"newBroken":false,"retriesCount":0,"retriesStatusChange":false,"parameters":["'cat'","'apple'"],"tags":["useragemode"]},{"name":"test_03_parameter[PEAR-dog]","uid":"3c536574b8b5bbd8","parentUid":"b480f09a66e75f11ce63e466add7c8a2","status":"passed","time":{"start":1698846856320,"stop":1698846856320,"duration":0},"flaky":false,"newFailed":false,"newPassed":false,"newBroken":false,"retriesCount":0,"retriesStatusChange":false,"parameters":["'dog'","'pear'"],"tags":["useragemode"]},{"name":"test_03_parameter[PEAR-cat]","uid":"45e76db8568cd97b","parentUid":"b480f09a66e75f11ce63e466add7c8a2","status":"passed","time":{"start":1698846856323,"stop":1698846856323,"duration":0},"flaky":false,"newFailed":false,"newPassed":false,"newBroken":false,"retriesCount":0,"retriesStatusChange":false,"parameters":["'cat'","'pear'"],"tags":["useragemode"]},{"name":"test_03_parameter[APPLE-animal1-dog]","uid":"403a268643bbb2d4","parentUid":"b480f09a66e75f11ce63e466add7c8a2","status":"passed","time":{"start":1698847216722,"stop":1698847216722,"duration":0},"flaky":false,"newFailed":false,"newPassed":false,"newBroken":false,"retriesCount":0,"retriesStatusChange":false,"parameters":["'animal1'","'dog'","'apple'"],"tags":["useragemode"]},{"name":"test_03_parameter[APPLE-animal2-cat]","uid":"90a7f4808afeddce","parentUid":"b480f09a66e75f11ce63e466add7c8a2","status":"passed","time":{"start":1698847216725,"stop":1698847216725,"duration":0},"flaky":false,"newFailed":false,"newPassed":false,"newBroken":false,"retriesCount":0,"retriesStatusChange":false,"parameters":["'animal2'","'cat'","'apple'"],"tags":["useragemode"]},{"name":"test_03_parameter[PEAR-animal1-dog]","uid":"712464de0dc22d50","parentUid":"b480f09a66e75f11ce63e466add7c8a2","status":"passed","time":{"start":1698847216727,"stop":1698847216727,"duration":0},"flaky":false,"newFailed":false,"newPassed":false,"newBroken":false,"retriesCount":0,"retriesStatusChange":false,"parameters":["'animal1'","'dog'","'pear'"],"tags":["useragemode"]},{"name":"test_03_parameter[PEAR-animal2-cat]","uid":"eb4df8c183b49395","parentUid":"b480f09a66e75f11ce63e466add7c8a2","status":"passed","time":{"start":1698847216730,"stop":1698847216730,"duration":0},"flaky":false,"newFailed":false,"newPassed":false,"newBroken":false,"retriesCount":0,"retriesStatusChange":false,"parameters":["'animal2'","'cat'","'pear'"],"tags":["useragemode"]},{"name":"test_02_wakeup[APPLE-APPLE2]","uid":"3ea07d15067ca800","parentUid":"b480f09a66e75f11ce63e466add7c8a2","status":"passed","time":{"start":1698848892709,"stop":1698848892709,"duration":0},"flaky":false,"newFailed":false,"newPassed":false,"newBroken":false,"retriesCount":7,"retriesStatusChange":false,"parameters":["'apple'","'apple2'"],"tags":["useragemode"]},{"name":"test_02_wakeup[APPLE-PEAR2]","uid":"bfd00d99fd4ca4c4","parentUid":"b480f09a66e75f11ce63e466add7c8a2","status":"passed","time":{"start":1698848892711,"stop":1698848892711,"duration":0},"flaky":false,"newFailed":false,"newPassed":false,"newBroken":false,"retriesCount":7,"retriesStatusChange":false,"parameters":["'apple'","'pear2'"],"tags":["useragemode"]},{"name":"test_02_wakeup[PEAR-APPLE2]","uid":"bd7b222883c77fc6","parentUid":"b480f09a66e75f11ce63e466add7c8a2","status":"passed","time":{"start":1698848892714,"stop":1698848892714,"duration":0},"flaky":false,"newFailed":false,"newPassed":false,"newBroken":false,"retriesCount":7,"retriesStatusChange":false,"parameters":["'pear'","'apple2'"],"tags":["useragemode"]},{"name":"test_02_wakeup[PEAR-PEAR2]","uid":"95d4d4b973e88b58","parentUid":"b480f09a66e75f11ce63e466add7c8a2","status":"passed","time":{"start":1698848892716,"stop":1698848892716,"duration":0},"flaky":false,"newFailed":false,"newPassed":false,"newBroken":false,"retriesCount":7,"retriesStatusChange":false,"parameters":["'pear'","'pear2'"],"tags":["useragemode"]},{"name":"test_03_parameter[animal1-dog]","uid":"6a11ed937d262797","parentUid":"b480f09a66e75f11ce63e466add7c8a2","status":"passed","time":{"start":1698848892718,"stop":1698848892718,"duration":0},"flaky":false,"newFailed":false,"newPassed":false,"newBroken":false,"retriesCount":1,"retriesStatusChange":false,"parameters":["'animal1'","'dog'"],"tags":["useragemode"]},{"name":"test_03_parameter[animal2-cat]","uid":"ab2dfc90b94cd5ca","parentUid":"b480f09a66e75f11ce63e466add7c8a2","status":"passed","time":{"start":1698848892721,"stop":1698848892721,"duration":0},"flaky":false,"newFailed":false,"newPassed":false,"newBroken":false,"retriesCount":1,"retriesStatusChange":false,"parameters":["'animal2'","'cat'"],"tags":["useragemode"]}],"uid":"b480f09a66e75f11ce63e466add7c8a2"}],"uid":"381187c9d1f762c0ad277f7d9b62f34c"},{"name":"test_login","children":[{"name":"TestLogin","children":[{"name":"test_login_02_Print","uid":"804368ff898f2f2c","parentUid":"a78be7069c22cb24448c5bc447c4aec6","status":"passed","time":{"start":1698848886606,"stop":1698848889613,"duration":3007},"flaky":false,"newFailed":false,"newPassed":false,"newBroken":false,"retriesCount":7,"retriesStatusChange":false,"parameters":[],"tags":["run(order=1)","useragemode"]},{"name":"test_login_01_Print","uid":"10c41000ae518783","parentUid":"a78be7069c22cb24448c5bc447c4aec6","status":"failed","time":{"start":1698848889622,"stop":1698848892627,"duration":3005},"flaky":false,"newFailed":false,"newPassed":false,"newBroken":false,"retriesCount":7,"retriesStatusChange":false,"parameters":[],"tags":["run(order=2)","smoke"]}],"uid":"a78be7069c22cb24448c5bc447c4aec6"}],"uid":"0a485542467e5c5c95949e99a701fc6f"}],"uid":"7d3977dcbf31acd3e26ecbe96342e45e"},{"name":"test_interface","children":[{"name":"test_interface_01","children":[{"name":"TestcaseInterface","children":[{"name":"test_01_Print","uid":"5c2ead13556ec089","parentUid":"4ad974591fa6950a4d9ea20c2953ca66","status":"passed","time":{"start":1698848892708,"stop":1698848892708,"duration":0},"flaky":false,"newFailed":false,"newPassed":false,"newBroken":false,"retriesCount":7,"retriesStatusChange":false,"parameters":[],"tags":["smoke"]}],"uid":"4ad974591fa6950a4d9ea20c2953ca66"}],"uid":"538befc8a9c743f080786e328263d23a"}],"uid":"837799aa8a2d307a9622fda31b1e6400"}]}