{"uid":"ab17fc5a4eb3bca4b216b548c7f9fcbc","name":"timeline","children":[{"name":"YIMO","children":[{"name":"4368-MainThread","children":[{"name":"test_login_02_Print","uid":"ef44baf1ca238a9a","parentUid":"ec173ef3f0fea001ac900ba8b7350360","status":"passed","time":{"start":1698846565682,"stop":1698846568693,"duration":3011},"flaky":false,"newFailed":false,"newPassed":false,"newBroken":false,"retriesCount":0,"retriesStatusChange":false,"parameters":[],"tags":["run(order=1)","useragemode"]},{"name":"test_01_Print","uid":"4f030328af1b3074","parentUid":"ec173ef3f0fea001ac900ba8b7350360","status":"passed","time":{"start":1698846571784,"stop":1698846571784,"duration":0},"flaky":false,"newFailed":false,"newPassed":false,"newBroken":false,"retriesCount":0,"retriesStatusChange":false,"parameters":[],"tags":["smoke"]},{"name":"test_03_parameter[cat]","uid":"bc0b6f5e9eef82a4","parentUid":"ec173ef3f0fea001ac900ba8b7350360","status":"passed","time":{"start":1698846571796,"stop":1698846571796,"duration":0},"flaky":false,"newFailed":false,"newPassed":false,"newBroken":false,"retriesCount":1,"retriesStatusChange":false,"parameters":["'cat'"],"tags":["useragemode"]},{"name":"test_login_01_Print","uid":"37a70357ff56a099","parentUid":"ec173ef3f0fea001ac900ba8b7350360","status":"failed","time":{"start":1698846568702,"stop":1698846571707,"duration":3005},"flaky":false,"newFailed":false,"newPassed":false,"newBroken":false,"retriesCount":0,"retriesStatusChange":false,"parameters":[],"tags":["run(order=2)","smoke"]},{"name":"test_02_wakeup[PEAR-APPLE2]","uid":"6564964b6a8662d1","parentUid":"ec173ef3f0fea001ac900ba8b7350360","status":"passed","time":{"start":1698846571790,"stop":1698846571790,"duration":0},"flaky":false,"newFailed":false,"newPassed":false,"newBroken":false,"retriesCount":0,"retriesStatusChange":false,"parameters":["'pear'","'apple2'"],"tags":["useragemode"]},{"name":"test_03_parameter[dog]","uid":"8a7fc10141ef5755","parentUid":"ec173ef3f0fea001ac900ba8b7350360","status":"passed","time":{"start":1698846571794,"stop":1698846571794,"duration":0},"flaky":false,"newFailed":false,"newPassed":false,"newBroken":false,"retriesCount":1,"retriesStatusChange":false,"parameters":["'dog'"],"tags":["useragemode"]},{"name":"test_02_wakeup[PEAR-PEAR2]","uid":"5df4d0d4e943ef55","parentUid":"ec173ef3f0fea001ac900ba8b7350360","status":"passed","time":{"start":1698846571792,"stop":1698846571792,"duration":0},"flaky":false,"newFailed":false,"newPassed":false,"newBroken":false,"retriesCount":0,"retriesStatusChange":false,"parameters":["'pear'","'pear2'"],"tags":["useragemode"]},{"name":"test_02_wakeup[APPLE-PEAR2]","uid":"8c5123e846bd473","parentUid":"ec173ef3f0fea001ac900ba8b7350360","status":"passed","time":{"start":1698846571788,"stop":1698846571788,"duration":0},"flaky":false,"newFailed":false,"newPassed":false,"newBroken":false,"retriesCount":0,"retriesStatusChange":false,"parameters":["'apple'","'pear2'"],"tags":["useragemode"]},{"name":"test_02_wakeup[APPLE-APPLE2]","uid":"20bd7b59fb4cf4c2","parentUid":"ec173ef3f0fea001ac900ba8b7350360","status":"passed","time":{"start":1698846571785,"stop":1698846571786,"duration":1},"flaky":false,"newFailed":false,"newPassed":false,"newBroken":false,"retriesCount":0,"retriesStatusChange":false,"parameters":["'apple'","'apple2'"],"tags":["useragemode"]}],"uid":"ec173ef3f0fea001ac900ba8b7350360"},{"name":"18796-MainThread","children":[{"name":"test_02_wakeup[APPLE-PEAR2]","uid":"c9ef3c220c48ae5f","parentUid":"8c042e45d163e84d3b075e7588a14e10","status":"passed","time":{"start":1698763256110,"stop":1698763256110,"duration":0},"flaky":false,"newFailed":false,"newPassed":false,"newBroken":false,"retriesCount":0,"retriesStatusChange":false,"parameters":["'apple'","'pear2'"],"tags":["useragemode"]},{"name":"test_login_01_Print","uid":"3b8d2e8e430b743a","parentUid":"8c042e45d163e84d3b075e7588a14e10","status":"failed","time":{"start":1698763253019,"stop":1698763256022,"duration":3003},"flaky":false,"newFailed":false,"newPassed":false,"newBroken":false,"retriesCount":0,"retriesStatusChange":false,"parameters":[],"tags":["run(order=2)","smoke"]},{"name":"test_02_wakeup[PEAR-APPLE2]","uid":"a2b89f5008b6d626","parentUid":"8c042e45d163e84d3b075e7588a14e10","status":"passed","time":{"start":1698763256112,"stop":1698763256113,"duration":1},"flaky":false,"newFailed":false,"newPassed":false,"newBroken":false,"retriesCount":0,"retriesStatusChange":false,"parameters":["'pear'","'apple2'"],"tags":["useragemode"]},{"name":"test_02_wakeup[APPLE-APPLE2]","uid":"b922b366a349dbe5","parentUid":"8c042e45d163e84d3b075e7588a14e10","status":"passed","time":{"start":1698763256109,"stop":1698763256109,"duration":0},"flaky":false,"newFailed":false,"newPassed":false,"newBroken":false,"retriesCount":0,"retriesStatusChange":false,"parameters":["'apple'","'apple2'"],"tags":["useragemode"]},{"name":"test_01_Print","uid":"5bb08415b1095bfc","parentUid":"8c042e45d163e84d3b075e7588a14e10","status":"passed","time":{"start":1698763256107,"stop":1698763256107,"duration":0},"flaky":false,"newFailed":false,"newPassed":false,"newBroken":false,"retriesCount":0,"retriesStatusChange":false,"parameters":[],"tags":["smoke"]},{"name":"test_login_02_Print","uid":"cc82b69aa081c4","parentUid":"8c042e45d163e84d3b075e7588a14e10","status":"passed","time":{"start":1698763250007,"stop":1698763253014,"duration":3007},"flaky":false,"newFailed":false,"newPassed":false,"newBroken":false,"retriesCount":0,"retriesStatusChange":false,"parameters":[],"tags":["run(order=1)","useragemode"]},{"name":"test_02_wakeup[PEAR-PEAR2]","uid":"81634f36d70e1fe4","parentUid":"8c042e45d163e84d3b075e7588a14e10","status":"passed","time":{"start":1698763256116,"stop":1698763256116,"duration":0},"flaky":false,"newFailed":false,"newPassed":false,"newBroken":false,"retriesCount":0,"retriesStatusChange":false,"parameters":["'pear'","'pear2'"],"tags":["useragemode"]}],"uid":"8c042e45d163e84d3b075e7588a14e10"},{"name":"13776-MainThread","children":[{"name":"test_02_wakeup[PEAR-PEAR2]","uid":"b941d7428444aaf8","parentUid":"dafcdd739d48d650b0ae10f6ea8e4769","status":"passed","time":{"start":1698847271092,"stop":1698847271092,"duration":0},"flaky":false,"newFailed":false,"newPassed":false,"newBroken":false,"retriesCount":0,"retriesStatusChange":false,"parameters":["'pear'","'pear2'"],"tags":["useragemode"]},{"name":"test_login_01_Print","uid":"f0ee29c5df367055","parentUid":"dafcdd739d48d650b0ae10f6ea8e4769","status":"failed","time":{"start":1698847267995,"stop":1698847271003,"duration":3008},"flaky":false,"newFailed":false,"newPassed":false,"newBroken":false,"retriesCount":0,"retriesStatusChange":false,"parameters":[],"tags":["run(order=2)","smoke"]},{"name":"test_01_Print","uid":"caf4b74810209be6","parentUid":"dafcdd739d48d650b0ae10f6ea8e4769","status":"passed","time":{"start":1698847271081,"stop":1698847271081,"duration":0},"flaky":false,"newFailed":false,"newPassed":false,"newBroken":false,"retriesCount":0,"retriesStatusChange":false,"parameters":[],"tags":["smoke"]},{"name":"test_02_wakeup[PEAR-APPLE2]","uid":"130d06f9533fa7be","parentUid":"dafcdd739d48d650b0ae10f6ea8e4769","status":"passed","time":{"start":1698847271087,"stop":1698847271087,"duration":0},"flaky":false,"newFailed":false,"newPassed":false,"newBroken":false,"retriesCount":0,"retriesStatusChange":false,"parameters":["'pear'","'apple2'"],"tags":["useragemode"]},{"name":"test_login_02_Print","uid":"2f462aa2e736aceb","parentUid":"dafcdd739d48d650b0ae10f6ea8e4769","status":"passed","time":{"start":1698847264982,"stop":1698847267987,"duration":3005},"flaky":false,"newFailed":false,"newPassed":false,"newBroken":false,"retriesCount":0,"retriesStatusChange":false,"parameters":[],"tags":["run(order=1)","useragemode"]},{"name":"test_03_parameter[animal1-dog]","uid":"80262381ae063093","parentUid":"dafcdd739d48d650b0ae10f6ea8e4769","status":"passed","time":{"start":1698847271095,"stop":1698847271095,"duration":0},"flaky":false,"newFailed":false,"newPassed":false,"newBroken":false,"retriesCount":0,"retriesStatusChange":false,"parameters":["'animal1'","'dog'"],"tags":["useragemode"]},{"name":"test_03_parameter[animal2-cat]","uid":"bdb2b0d07d8733a8","parentUid":"dafcdd739d48d650b0ae10f6ea8e4769","status":"passed","time":{"start":1698847271098,"stop":1698847271098,"duration":0},"flaky":false,"newFailed":false,"newPassed":false,"newBroken":false,"retriesCount":0,"retriesStatusChange":false,"parameters":["'animal2'","'cat'"],"tags":["useragemode"]},{"name":"test_02_wakeup[APPLE-APPLE2]","uid":"a33dcb89f4383022","parentUid":"dafcdd739d48d650b0ae10f6ea8e4769","status":"passed","time":{"start":1698847271083,"stop":1698847271083,"duration":0},"flaky":false,"newFailed":false,"newPassed":false,"newBroken":false,"retriesCount":0,"retriesStatusChange":false,"parameters":["'apple'","'apple2'"],"tags":["useragemode"]},{"name":"test_02_wakeup[APPLE-PEAR2]","uid":"ef839e5473fdb908","parentUid":"dafcdd739d48d650b0ae10f6ea8e4769","status":"passed","time":{"start":1698847271085,"stop":1698847271085,"duration":0},"flaky":false,"newFailed":false,"newPassed":false,"newBroken":false,"retriesCount":0,"retriesStatusChange":false,"parameters":["'apple'","'pear2'"],"tags":["useragemode"]}],"uid":"dafcdd739d48d650b0ae10f6ea8e4769"},{"name":"14280-MainThread","children":[{"name":"test_02_wakeup[APPLE-PEAR2]","uid":"f5627fb76bac22dc","parentUid":"92d2e9dd55fc67f75fbe82d28a4a2d96","status":"passed","time":{"start":1698846495479,"stop":1698846495479,"duration":0},"flaky":false,"newFailed":false,"newPassed":false,"newBroken":false,"retriesCount":0,"retriesStatusChange":false,"parameters":["'apple'","'pear2'"],"tags":["useragemode"]},{"name":"test_02_wakeup[APPLE-APPLE2]","uid":"b6089e59418ed0a4","parentUid":"92d2e9dd55fc67f75fbe82d28a4a2d96","status":"passed","time":{"start":1698846495476,"stop":1698846495476,"duration":0},"flaky":false,"newFailed":false,"newPassed":false,"newBroken":false,"retriesCount":0,"retriesStatusChange":false,"parameters":["'apple'","'apple2'"],"tags":["useragemode"]},{"name":"test_02_wakeup[PEAR-PEAR2]","uid":"a03f40c240d34894","parentUid":"92d2e9dd55fc67f75fbe82d28a4a2d96","status":"passed","time":{"start":1698846495485,"stop":1698846495485,"duration":0},"flaky":false,"newFailed":false,"newPassed":false,"newBroken":false,"retriesCount":0,"retriesStatusChange":false,"parameters":["'pear'","'pear2'"],"tags":["useragemode"]},{"name":"test_03_parameter[cat]","uid":"85d9ea0bec42ea47","parentUid":"92d2e9dd55fc67f75fbe82d28a4a2d96","status":"passed","time":{"start":1698846495490,"stop":1698846495490,"duration":0},"flaky":false,"newFailed":false,"newPassed":false,"newBroken":false,"retriesCount":0,"retriesStatusChange":false,"parameters":["'cat'"],"tags":["useragemode"]},{"name":"test_02_wakeup[PEAR-APPLE2]","uid":"f731536f3e5b2297","parentUid":"92d2e9dd55fc67f75fbe82d28a4a2d96","status":"passed","time":{"start":1698846495481,"stop":1698846495481,"duration":0},"flaky":false,"newFailed":false,"newPassed":false,"newBroken":false,"retriesCount":0,"retriesStatusChange":false,"parameters":["'pear'","'apple2'"],"tags":["useragemode"]},{"name":"test_login_02_Print","uid":"4c6100e268c28f0d","parentUid":"92d2e9dd55fc67f75fbe82d28a4a2d96","status":"passed","time":{"start":1698846489363,"stop":1698846492377,"duration":3014},"flaky":false,"newFailed":false,"newPassed":false,"newBroken":false,"retriesCount":0,"retriesStatusChange":false,"parameters":[],"tags":["run(order=1)","useragemode"]},{"name":"test_03_parameter[dog]","uid":"8139ccf8140e0d9","parentUid":"92d2e9dd55fc67f75fbe82d28a4a2d96","status":"passed","time":{"start":1698846495488,"stop":1698846495488,"duration":0},"flaky":false,"newFailed":false,"newPassed":false,"newBroken":false,"retriesCount":0,"retriesStatusChange":false,"parameters":["'dog'"],"tags":["useragemode"]},{"name":"test_01_Print","uid":"b7d265ba72d28dde","parentUid":"92d2e9dd55fc67f75fbe82d28a4a2d96","status":"passed","time":{"start":1698846495474,"stop":1698846495474,"duration":0},"flaky":false,"newFailed":false,"newPassed":false,"newBroken":false,"retriesCount":0,"retriesStatusChange":false,"parameters":[],"tags":["smoke"]},{"name":"test_login_01_Print","uid":"c144f4a104a7b01e","parentUid":"92d2e9dd55fc67f75fbe82d28a4a2d96","status":"failed","time":{"start":1698846492388,"stop":1698846495395,"duration":3007},"flaky":false,"newFailed":false,"newPassed":false,"newBroken":false,"retriesCount":0,"retriesStatusChange":false,"parameters":[],"tags":["run(order=2)","smoke"]}],"uid":"92d2e9dd55fc67f75fbe82d28a4a2d96"},{"name":"18284-MainThread","children":[{"name":"test_02_wakeup[APPLE-APPLE2]","uid":"66be95e4dc85b2ba","parentUid":"4a76cf30acabc0e2bc937cb5ee352707","status":"passed","time":{"start":1698846453268,"stop":1698846453268,"duration":0},"flaky":false,"newFailed":false,"newPassed":false,"newBroken":false,"retriesCount":0,"retriesStatusChange":false,"parameters":["'apple'","'apple2'"],"tags":["useragemode"]},{"name":"test_login_01_Print","uid":"dfc1641f3b5e3201","parentUid":"4a76cf30acabc0e2bc937cb5ee352707","status":"failed","time":{"start":1698846450167,"stop":1698846453179,"duration":3012},"flaky":false,"newFailed":false,"newPassed":false,"newBroken":false,"retriesCount":0,"retriesStatusChange":false,"parameters":[],"tags":["run(order=2)","smoke"]},{"name":"test_01_Print","uid":"c4c0f4a935d7e3c1","parentUid":"4a76cf30acabc0e2bc937cb5ee352707","status":"passed","time":{"start":1698846453266,"stop":1698846453266,"duration":0},"flaky":false,"newFailed":false,"newPassed":false,"newBroken":false,"retriesCount":0,"retriesStatusChange":false,"parameters":[],"tags":["smoke"]},{"name":"test_02_wakeup[PEAR-PEAR2]","uid":"7cd57a6ed3d66b8e","parentUid":"4a76cf30acabc0e2bc937cb5ee352707","status":"passed","time":{"start":1698846453276,"stop":1698846453276,"duration":0},"flaky":false,"newFailed":false,"newPassed":false,"newBroken":false,"retriesCount":0,"retriesStatusChange":false,"parameters":["'pear'","'pear2'"],"tags":["useragemode"]},{"name":"test_02_wakeup[PEAR-APPLE2]","uid":"b147704ea438a3a9","parentUid":"4a76cf30acabc0e2bc937cb5ee352707","status":"passed","time":{"start":1698846453273,"stop":1698846453273,"duration":0},"flaky":false,"newFailed":false,"newPassed":false,"newBroken":false,"retriesCount":0,"retriesStatusChange":false,"parameters":["'pear'","'apple2'"],"tags":["useragemode"]},{"name":"test_login_02_Print","uid":"c94514d15da83f81","parentUid":"4a76cf30acabc0e2bc937cb5ee352707","status":"passed","time":{"start":1698846447157,"stop":1698846450163,"duration":3006},"flaky":false,"newFailed":false,"newPassed":false,"newBroken":false,"retriesCount":0,"retriesStatusChange":false,"parameters":[],"tags":["run(order=1)","useragemode"]},{"name":"test_02_wakeup[APPLE-PEAR2]","uid":"f96af5fb811d5ce7","parentUid":"4a76cf30acabc0e2bc937cb5ee352707","status":"passed","time":{"start":1698846453270,"stop":1698846453271,"duration":1},"flaky":false,"newFailed":false,"newPassed":false,"newBroken":false,"retriesCount":0,"retriesStatusChange":false,"parameters":["'apple'","'pear2'"],"tags":["useragemode"]}],"uid":"4a76cf30acabc0e2bc937cb5ee352707"},{"name":"19800-MainThread","children":[{"name":"test_03_parameter[PEAR-animal2-cat]","uid":"eb4df8c183b49395","parentUid":"606fcd2a00ee53d5faa3db3d3c7ef38c","status":"passed","time":{"start":1698847216730,"stop":1698847216730,"duration":0},"flaky":false,"newFailed":false,"newPassed":false,"newBroken":false,"retriesCount":0,"retriesStatusChange":false,"parameters":["'animal2'","'cat'","'pear'"],"tags":["useragemode"]},{"name":"test_02_wakeup[PEAR-PEAR2]","uid":"3bca2157501a9ff1","parentUid":"606fcd2a00ee53d5faa3db3d3c7ef38c","status":"passed","time":{"start":1698847216720,"stop":1698847216720,"duration":0},"flaky":false,"newFailed":false,"newPassed":false,"newBroken":false,"retriesCount":0,"retriesStatusChange":false,"parameters":["'pear'","'pear2'"],"tags":["useragemode"]},{"name":"test_03_parameter[APPLE-animal2-cat]","uid":"90a7f4808afeddce","parentUid":"606fcd2a00ee53d5faa3db3d3c7ef38c","status":"passed","time":{"start":1698847216725,"stop":1698847216725,"duration":0},"flaky":false,"newFailed":false,"newPassed":false,"newBroken":false,"retriesCount":0,"retriesStatusChange":false,"parameters":["'animal2'","'cat'","'apple'"],"tags":["useragemode"]},{"name":"test_login_01_Print","uid":"57c6efd4a2a764f2","parentUid":"606fcd2a00ee53d5faa3db3d3c7ef38c","status":"failed","time":{"start":1698847213623,"stop":1698847216633,"duration":3010},"flaky":false,"newFailed":false,"newPassed":false,"newBroken":false,"retriesCount":0,"retriesStatusChange":false,"parameters":[],"tags":["run(order=2)","smoke"]},{"name":"test_01_Print","uid":"68d430332bc4a553","parentUid":"606fcd2a00ee53d5faa3db3d3c7ef38c","status":"passed","time":{"start":1698847216710,"stop":1698847216710,"duration":0},"flaky":false,"newFailed":false,"newPassed":false,"newBroken":false,"retriesCount":0,"retriesStatusChange":false,"parameters":[],"tags":["smoke"]},{"name":"test_03_parameter[APPLE-animal1-dog]","uid":"403a268643bbb2d4","parentUid":"606fcd2a00ee53d5faa3db3d3c7ef38c","status":"passed","time":{"start":1698847216722,"stop":1698847216722,"duration":0},"flaky":false,"newFailed":false,"newPassed":false,"newBroken":false,"retriesCount":0,"retriesStatusChange":false,"parameters":["'animal1'","'dog'","'apple'"],"tags":["useragemode"]},{"name":"test_03_parameter[PEAR-animal1-dog]","uid":"712464de0dc22d50","parentUid":"606fcd2a00ee53d5faa3db3d3c7ef38c","status":"passed","time":{"start":1698847216727,"stop":1698847216727,"duration":0},"flaky":false,"newFailed":false,"newPassed":false,"newBroken":false,"retriesCount":0,"retriesStatusChange":false,"parameters":["'animal1'","'dog'","'pear'"],"tags":["useragemode"]},{"name":"test_02_wakeup[PEAR-APPLE2]","uid":"effc1048daa6b8e0","parentUid":"606fcd2a00ee53d5faa3db3d3c7ef38c","status":"passed","time":{"start":1698847216718,"stop":1698847216718,"duration":0},"flaky":false,"newFailed":false,"newPassed":false,"newBroken":false,"retriesCount":0,"retriesStatusChange":false,"parameters":["'pear'","'apple2'"],"tags":["useragemode"]},{"name":"test_login_02_Print","uid":"2c29c026607b72b9","parentUid":"606fcd2a00ee53d5faa3db3d3c7ef38c","status":"passed","time":{"start":1698847210604,"stop":1698847213615,"duration":3011},"flaky":false,"newFailed":false,"newPassed":false,"newBroken":false,"retriesCount":0,"retriesStatusChange":false,"parameters":[],"tags":["run(order=1)","useragemode"]},{"name":"test_02_wakeup[APPLE-APPLE2]","uid":"a1317a7b21066f81","parentUid":"606fcd2a00ee53d5faa3db3d3c7ef38c","status":"passed","time":{"start":1698847216712,"stop":1698847216712,"duration":0},"flaky":false,"newFailed":false,"newPassed":false,"newBroken":false,"retriesCount":0,"retriesStatusChange":false,"parameters":["'apple'","'apple2'"],"tags":["useragemode"]},{"name":"test_02_wakeup[APPLE-PEAR2]","uid":"5fae64aeb9a8d30b","parentUid":"606fcd2a00ee53d5faa3db3d3c7ef38c","status":"passed","time":{"start":1698847216715,"stop":1698847216715,"duration":0},"flaky":false,"newFailed":false,"newPassed":false,"newBroken":false,"retriesCount":0,"retriesStatusChange":false,"parameters":["'apple'","'pear2'"],"tags":["useragemode"]}],"uid":"606fcd2a00ee53d5faa3db3d3c7ef38c"},{"name":"17776-MainThread","children":[{"name":"test_03_parameter[APPLE-dog]","uid":"574a98574ef1bdde","parentUid":"08bc849e3a86a9e82272106ad3eacd3f","status":"passed","time":{"start":1698846856314,"stop":1698846856314,"duration":0},"flaky":false,"newFailed":false,"newPassed":false,"newBroken":false,"retriesCount":0,"retriesStatusChange":false,"parameters":["'dog'","'apple'"],"tags":["useragemode"]},{"name":"test_02_wakeup[PEAR-PEAR2]","uid":"4444ad74a862b1c9","parentUid":"08bc849e3a86a9e82272106ad3eacd3f","status":"passed","time":{"start":1698846856310,"stop":1698846856310,"duration":0},"flaky":false,"newFailed":false,"newPassed":false,"newBroken":false,"retriesCount":0,"retriesStatusChange":false,"parameters":["'pear'","'pear2'"],"tags":["useragemode"]},{"name":"test_03_parameter[APPLE-cat]","uid":"fb421b220b64f292","parentUid":"08bc849e3a86a9e82272106ad3eacd3f","status":"passed","time":{"start":1698846856316,"stop":1698846856317,"duration":1},"flaky":false,"newFailed":false,"newPassed":false,"newBroken":false,"retriesCount":0,"retriesStatusChange":false,"parameters":["'cat'","'apple'"],"tags":["useragemode"]},{"name":"test_02_wakeup[APPLE-PEAR2]","uid":"a6d85328a56a925b","parentUid":"08bc849e3a86a9e82272106ad3eacd3f","status":"passed","time":{"start":1698846856305,"stop":1698846856305,"duration":0},"flaky":false,"newFailed":false,"newPassed":false,"newBroken":false,"retriesCount":0,"retriesStatusChange":false,"parameters":["'apple'","'pear2'"],"tags":["useragemode"]},{"name":"test_03_parameter[PEAR-dog]","uid":"3c536574b8b5bbd8","parentUid":"08bc849e3a86a9e82272106ad3eacd3f","status":"passed","time":{"start":1698846856320,"stop":1698846856320,"duration":0},"flaky":false,"newFailed":false,"newPassed":false,"newBroken":false,"retriesCount":0,"retriesStatusChange":false,"parameters":["'dog'","'pear'"],"tags":["useragemode"]},{"name":"test_02_wakeup[APPLE-APPLE2]","uid":"dd2968bff6f91b41","parentUid":"08bc849e3a86a9e82272106ad3eacd3f","status":"passed","time":{"start":1698846856300,"stop":1698846856300,"duration":0},"flaky":false,"newFailed":false,"newPassed":false,"newBroken":false,"retriesCount":0,"retriesStatusChange":false,"parameters":["'apple'","'apple2'"],"tags":["useragemode"]},{"name":"test_02_wakeup[PEAR-APPLE2]","uid":"376868a511ee80cd","parentUid":"08bc849e3a86a9e82272106ad3eacd3f","status":"passed","time":{"start":1698846856308,"stop":1698846856309,"duration":1},"flaky":false,"newFailed":false,"newPassed":false,"newBroken":false,"retriesCount":0,"retriesStatusChange":false,"parameters":["'pear'","'apple2'"],"tags":["useragemode"]},{"name":"test_login_01_Print","uid":"8ebc403464a7c60d","parentUid":"08bc849e3a86a9e82272106ad3eacd3f","status":"failed","time":{"start":1698846853198,"stop":1698846856207,"duration":3009},"flaky":false,"newFailed":false,"newPassed":false,"newBroken":false,"retriesCount":0,"retriesStatusChange":false,"parameters":[],"tags":["run(order=2)","smoke"]},{"name":"test_03_parameter[PEAR-cat]","uid":"45e76db8568cd97b","parentUid":"08bc849e3a86a9e82272106ad3eacd3f","status":"passed","time":{"start":1698846856323,"stop":1698846856323,"duration":0},"flaky":false,"newFailed":false,"newPassed":false,"newBroken":false,"retriesCount":0,"retriesStatusChange":false,"parameters":["'cat'","'pear'"],"tags":["useragemode"]},{"name":"test_01_Print","uid":"bbb907ea821b7176","parentUid":"08bc849e3a86a9e82272106ad3eacd3f","status":"passed","time":{"start":1698846856299,"stop":1698846856299,"duration":0},"flaky":false,"newFailed":false,"newPassed":false,"newBroken":false,"retriesCount":0,"retriesStatusChange":false,"parameters":[],"tags":["smoke"]},{"name":"test_login_02_Print","uid":"1be98761b632dfe6","parentUid":"08bc849e3a86a9e82272106ad3eacd3f","status":"passed","time":{"start":1698846850189,"stop":1698846853190,"duration":3001},"flaky":false,"newFailed":false,"newPassed":false,"newBroken":false,"retriesCount":0,"retriesStatusChange":false,"parameters":[],"tags":["run(order=1)","useragemode"]}],"uid":"08bc849e3a86a9e82272106ad3eacd3f"},{"name":"2628-MainThread","children":[{"name":"test_03_parameter[animal2-cat]","uid":"ab2dfc90b94cd5ca","parentUid":"51ef841388a0f6ce1285b717ad0eb42a","status":"passed","time":{"start":1698848892721,"stop":1698848892721,"duration":0},"flaky":false,"newFailed":false,"newPassed":false,"newBroken":false,"retriesCount":1,"retriesStatusChange":false,"parameters":["'animal2'","'cat'"],"tags":["useragemode"]},{"name":"test_login_01_Print","uid":"10c41000ae518783","parentUid":"51ef841388a0f6ce1285b717ad0eb42a","status":"failed","time":{"start":1698848889622,"stop":1698848892627,"duration":3005},"flaky":false,"newFailed":false,"newPassed":false,"newBroken":false,"retriesCount":7,"retriesStatusChange":false,"parameters":[],"tags":["run(order=2)","smoke"]},{"name":"test_02_wakeup[PEAR-PEAR2]","uid":"95d4d4b973e88b58","parentUid":"51ef841388a0f6ce1285b717ad0eb42a","status":"passed","time":{"start":1698848892716,"stop":1698848892716,"duration":0},"flaky":false,"newFailed":false,"newPassed":false,"newBroken":false,"retriesCount":7,"retriesStatusChange":false,"parameters":["'pear'","'pear2'"],"tags":["useragemode"]},{"name":"test_01_Print","uid":"5c2ead13556ec089","parentUid":"51ef841388a0f6ce1285b717ad0eb42a","status":"passed","time":{"start":1698848892708,"stop":1698848892708,"duration":0},"flaky":false,"newFailed":false,"newPassed":false,"newBroken":false,"retriesCount":7,"retriesStatusChange":false,"parameters":[],"tags":["smoke"]},{"name":"test_03_parameter[animal1-dog]","uid":"6a11ed937d262797","parentUid":"51ef841388a0f6ce1285b717ad0eb42a","status":"passed","time":{"start":1698848892718,"stop":1698848892718,"duration":0},"flaky":false,"newFailed":false,"newPassed":false,"newBroken":false,"retriesCount":1,"retriesStatusChange":false,"parameters":["'animal1'","'dog'"],"tags":["useragemode"]},{"name":"test_02_wakeup[APPLE-PEAR2]","uid":"bfd00d99fd4ca4c4","parentUid":"51ef841388a0f6ce1285b717ad0eb42a","status":"passed","time":{"start":1698848892711,"stop":1698848892711,"duration":0},"flaky":false,"newFailed":false,"newPassed":false,"newBroken":false,"retriesCount":7,"retriesStatusChange":false,"parameters":["'apple'","'pear2'"],"tags":["useragemode"]},{"name":"test_02_wakeup[APPLE-APPLE2]","uid":"3ea07d15067ca800","parentUid":"51ef841388a0f6ce1285b717ad0eb42a","status":"passed","time":{"start":1698848892709,"stop":1698848892709,"duration":0},"flaky":false,"newFailed":false,"newPassed":false,"newBroken":false,"retriesCount":7,"retriesStatusChange":false,"parameters":["'apple'","'apple2'"],"tags":["useragemode"]},{"name":"test_02_wakeup[PEAR-APPLE2]","uid":"bd7b222883c77fc6","parentUid":"51ef841388a0f6ce1285b717ad0eb42a","status":"passed","time":{"start":1698848892714,"stop":1698848892714,"duration":0},"flaky":false,"newFailed":false,"newPassed":false,"newBroken":false,"retriesCount":7,"retriesStatusChange":false,"parameters":["'pear'","'apple2'"],"tags":["useragemode"]},{"name":"test_login_02_Print","uid":"804368ff898f2f2c","parentUid":"51ef841388a0f6ce1285b717ad0eb42a","status":"passed","time":{"start":1698848886606,"stop":1698848889613,"duration":3007},"flaky":false,"newFailed":false,"newPassed":false,"newBroken":false,"retriesCount":7,"retriesStatusChange":false,"parameters":[],"tags":["run(order=1)","useragemode"]}],"uid":"51ef841388a0f6ce1285b717ad0eb42a"}],"uid":"afbb21a57457f412691b5802fd91f010"}]}