[{"uid":"eb4df8c183b49395","name":"test_03_parameter[PEAR-animal2-cat]","time":{"start":1698847216730,"stop":1698847216730,"duration":0},"status":"passed","severity":"normal"},{"uid":"403a268643bbb2d4","name":"test_03_parameter[APPLE-animal1-dog]","time":{"start":1698847216722,"stop":1698847216722,"duration":0},"status":"passed","severity":"normal"},{"uid":"3c536574b8b5bbd8","name":"test_03_parameter[PEAR-dog]","time":{"start":1698846856320,"stop":1698846856320,"duration":0},"status":"passed","severity":"normal"},{"uid":"5c2ead13556ec089","name":"test_01_Print","time":{"start":1698848892708,"stop":1698848892708,"duration":0},"status":"passed","severity":"normal"},{"uid":"95d4d4b973e88b58","name":"test_02_wakeup[PEAR-PEAR2]","time":{"start":1698848892716,"stop":1698848892716,"duration":0},"status":"passed","severity":"normal"},{"uid":"712464de0dc22d50","name":"test_03_parameter[PEAR-animal1-dog]","time":{"start":1698847216727,"stop":1698847216727,"duration":0},"status":"passed","severity":"normal"},{"uid":"bd7b222883c77fc6","name":"test_02_wakeup[PEAR-APPLE2]","time":{"start":1698848892714,"stop":1698848892714,"duration":0},"status":"passed","severity":"normal"},{"uid":"fb421b220b64f292","name":"test_03_parameter[APPLE-cat]","time":{"start":1698846856316,"stop":1698846856317,"duration":1},"status":"passed","severity":"normal"},{"uid":"ab2dfc90b94cd5ca","name":"test_03_parameter[animal2-cat]","time":{"start":1698848892721,"stop":1698848892721,"duration":0},"status":"passed","severity":"normal"},{"uid":"8a7fc10141ef5755","name":"test_03_parameter[dog]","time":{"start":1698846571794,"stop":1698846571794,"duration":0},"status":"passed","severity":"normal"},{"uid":"6a11ed937d262797","name":"test_03_parameter[animal1-dog]","time":{"start":1698848892718,"stop":1698848892718,"duration":0},"status":"passed","severity":"normal"},{"uid":"574a98574ef1bdde","name":"test_03_parameter[APPLE-dog]","time":{"start":1698846856314,"stop":1698846856314,"duration":0},"status":"passed","severity":"normal"},{"uid":"10c41000ae518783","name":"test_login_01_Print","time":{"start":1698848889622,"stop":1698848892627,"duration":3005},"status":"failed","severity":"normal"},{"uid":"bfd00d99fd4ca4c4","name":"test_02_wakeup[APPLE-PEAR2]","time":{"start":1698848892711,"stop":1698848892711,"duration":0},"status":"passed","severity":"normal"},{"uid":"90a7f4808afeddce","name":"test_03_parameter[APPLE-animal2-cat]","time":{"start":1698847216725,"stop":1698847216725,"duration":0},"status":"passed","severity":"normal"},{"uid":"804368ff898f2f2c","name":"test_login_02_Print","time":{"start":1698848886606,"stop":1698848889613,"duration":3007},"status":"passed","severity":"normal"},{"uid":"3ea07d15067ca800","name":"test_02_wakeup[APPLE-APPLE2]","time":{"start":1698848892709,"stop":1698848892709,"duration":0},"status":"passed","severity":"normal"},{"uid":"bc0b6f5e9eef82a4","name":"test_03_parameter[cat]","time":{"start":1698846571796,"stop":1698846571796,"duration":0},"status":"passed","severity":"normal"},{"uid":"45e76db8568cd97b","name":"test_03_parameter[PEAR-cat]","time":{"start":1698846856323,"stop":1698846856323,"duration":0},"status":"passed","severity":"normal"}]