{"e9f82675030acd0dfb590390ce39a939":{"statistic":{"failed":0,"broken":0,"skipped":0,"passed":1,"unknown":0,"total":1},"items":[{"uid":"ab2dfc90b94cd5ca","status":"passed","time":{"start":1698848892721,"stop":1698848892721,"duration":0}}]},"77c42e1fbb902f1f7cbe0b3d528fbf89":{"statistic":{"failed":0,"broken":0,"skipped":0,"passed":1,"unknown":0,"total":1},"items":[{"uid":"3ea07d15067ca800","status":"passed","time":{"start":1698848892709,"stop":1698848892709,"duration":0}}]},"919eeac6bcd743a0824cbefa023e0043":{"statistic":{"failed":0,"broken":0,"skipped":0,"passed":1,"unknown":0,"total":1},"items":[{"uid":"eb4df8c183b49395","status":"passed","time":{"start":1698847216730,"stop":1698847216730,"duration":0}}]},"f7453d192647d80885bd84ea56cef65a":{"statistic":{"failed":0,"broken":0,"skipped":0,"passed":1,"unknown":0,"total":1},"items":[{"uid":"90a7f4808afeddce","status":"passed","time":{"start":1698847216725,"stop":1698847216725,"duration":0}}]},"4157cb9323fd41d7e07f6266a0cab1f6":{"statistic":{"failed":0,"broken":0,"skipped":0,"passed":1,"unknown":0,"total":1},"items":[{"uid":"5c2ead13556ec089","status":"passed","time":{"start":1698848892708,"stop":1698848892708,"duration":0}}]},"13accef7df11191cc0f58118678da296":{"statistic":{"failed":0,"broken":0,"skipped":0,"passed":1,"unknown":0,"total":1},"items":[{"uid":"8a7fc10141ef5755","status":"passed","time":{"start":1698846571794,"stop":1698846571794,"duration":0}}]},"10728fba89610720d3e2342612181653":{"statistic":{"failed":0,"broken":0,"skipped":0,"passed":1,"unknown":0,"total":1},"items":[{"uid":"403a268643bbb2d4","status":"passed","time":{"start":1698847216722,"stop":1698847216722,"duration":0}}]},"944bbcd891e5ec5c99680d3fb58f7a25":{"statistic":{"failed":0,"broken":0,"skipped":0,"passed":1,"unknown":0,"total":1},"items":[{"uid":"bd7b222883c77fc6","status":"passed","time":{"start":1698848892714,"stop":1698848892714,"duration":0}}]},"f104f1ebdd429ae9036f5b39ee498d2e":{"statistic":{"failed":0,"broken":0,"skipped":0,"passed":1,"unknown":0,"total":1},"items":[{"uid":"3c536574b8b5bbd8","status":"passed","time":{"start":1698846856320,"stop":1698846856320,"duration":0}}]},"ae2b0cd5bf74a1e7e0b249231c590260":{"statistic":{"failed":0,"broken":0,"skipped":0,"passed":1,"unknown":0,"total":1},"items":[{"uid":"804368ff898f2f2c","status":"passed","time":{"start":1698848886606,"stop":1698848889613,"duration":3007}}]},"b580c4b1c0d7e9354f801aa396e72bab":{"statistic":{"failed":0,"broken":0,"skipped":0,"passed":1,"unknown":0,"total":1},"items":[{"uid":"fb421b220b64f292","status":"passed","time":{"start":1698846856316,"stop":1698846856317,"duration":1}}]},"06df2cca5f294069c76734d1e8bbbdcd":{"statistic":{"failed":0,"broken":0,"skipped":0,"passed":1,"unknown":0,"total":1},"items":[{"uid":"bfd00d99fd4ca4c4","status":"passed","time":{"start":1698848892711,"stop":1698848892711,"duration":0}}]},"c4809cdbf39576d1b08eb975ed22818b":{"statistic":{"failed":1,"broken":0,"skipped":0,"passed":0,"unknown":0,"total":1},"items":[{"uid":"10c41000ae518783","status":"failed","statusDetails":"AssertionError: assert 1 == 2","time":{"start":1698848889622,"stop":1698848892627,"duration":3005}}]},"81eb8dc88658f7b9bcd5218e7c84dbb9":{"statistic":{"failed":0,"broken":0,"skipped":0,"passed":1,"unknown":0,"total":1},"items":[{"uid":"574a98574ef1bdde","status":"passed","time":{"start":1698846856314,"stop":1698846856314,"duration":0}}]},"481fa50caf978fd7d9b6dcd5ad0767e9":{"statistic":{"failed":0,"broken":0,"skipped":0,"passed":1,"unknown":0,"total":1},"items":[{"uid":"bc0b6f5e9eef82a4","status":"passed","time":{"start":1698846571796,"stop":1698846571796,"duration":0}}]},"9fd16922f899b18b1bdbd1bf96fc5a7f":{"statistic":{"failed":0,"broken":0,"skipped":0,"passed":1,"unknown":0,"total":1},"items":[{"uid":"95d4d4b973e88b58","status":"passed","time":{"start":1698848892716,"stop":1698848892716,"duration":0}}]},"d13b0771cd099a78ff470c89dc77451b":{"statistic":{"failed":0,"broken":0,"skipped":0,"passed":1,"unknown":0,"total":1},"items":[{"uid":"712464de0dc22d50","status":"passed","time":{"start":1698847216727,"stop":1698847216727,"duration":0}}]},"62d0768edba1c538a9c35c34c4943999":{"statistic":{"failed":0,"broken":0,"skipped":0,"passed":1,"unknown":0,"total":1},"items":[{"uid":"45e76db8568cd97b","status":"passed","time":{"start":1698846856323,"stop":1698846856323,"duration":0}}]},"b3feb75a9f6c991edeb2b605b68bcdc4":{"statistic":{"failed":0,"broken":0,"skipped":0,"passed":1,"unknown":0,"total":1},"items":[{"uid":"6a11ed937d262797","status":"passed","time":{"start":1698848892718,"stop":1698848892718,"duration":0}}]}}